New Hampshire, Maximum Temperature
Units: Degrees Fahrenheit
Base Period: 1900-2000
Missing: -99
Date,Value,Anomaly
189501,26.7,-0.9
189502,25.4,-4.2
189503,34.2,-5.0
189504,51.5,-0.4
189505,69.0,3.8
189506,77.0,3.2
189507,75.2,-3.3
189508,74.9,-1.0
189509,71.0,2.7
189510,51.7,-5.5
189511,44.8,1.8
189512,34.9,4.0
189601,24.2,-3.4
189602,28.2,-1.4
189603,33.0,-6.2
189604,54.8,2.9
189605,69.3,4.1
189606,72.7,-1.1
189607,78.6,0.1
189608,76.0,0.1
189609,65.6,-2.7
189610,51.2,-6.0
189611,45.5,2.5
189612,28.2,-2.7
189701,28.5,0.9
189702,30.8,1.2
189703,37.4,-1.8
189704,54.1,2.2
189705,64.0,-1.2
189706,68.7,-5.1
189707,78.9,0.4
189708,74.1,-1.8
189709,67.7,-0.6
189710,59.1,1.9
189711,39.7,-3.3
189712,31.2,0.3
189801,26.1,-1.5
189802,32.6,3.0
189803,45.1,5.9
189804,48.3,-3.6
189805,62.8,-2.4
189806,72.9,-0.9
189807,79.4,0.9
189808,76.7,0.8
189809,70.7,2.4
189810,56.7,-0.5
189811,40.7,-2.3
189812,30.2,-0.7
189901,27.3,-0.3
189902,25.7,-3.9
189903,33.5,-5.7
189904,52.6,0.7
189905,65.8,0.6
189906,76.4,2.6
189907,77.8,-0.7
189908,76.2,0.3
189909,65.8,-2.5
189910,57.0,-0.2
189911,39.8,-3.2
189912,33.8,2.9
190001,29.8,2.2
190002,28.2,-1.4
190003,33.3,-5.9
190004,51.2,-0.7
190005,62.6,-2.6
190006,76.2,2.4
190007,79.3,0.8
190008,76.6,0.7
190009,70.3,2.0
190010,60.5,3.3
190011,43.2,0.2
190012,30.0,-0.9
190101,25.7,-1.9
190102,22.2,-7.4
190103,36.6,-2.6
190104,52.1,0.2
190105,63.3,-1.9
190106,76.2,2.4
190107,79.9,1.4
190108,76.0,0.1
190109,69.5,1.2
190110,57.8,0.6
190111,35.9,-7.1
190112,31.4,0.5
190201,26.3,-1.3
190202,29.3,-0.3
190203,45.6,6.4
190204,52.7,0.8
190205,63.2,-2.0
190206,69.7,-4.1
190207,73.4,-5.1
190208,72.0,-3.9
190209,67.0,-1.3
190210,54.8,-2.4
190211,47.5,4.5
190212,27.6,-3.3
190301,27.5,-0.1
190302,31.2,1.6
190303,47.0,7.8
190304,52.8,0.9
190305,70.0,4.8
190306,66.8,-7.0
190307,75.3,-3.2
190308,68.5,-7.4
190309,70.7,2.4
190310,55.2,-2.0
190311,39.4,-3.6
190312,27.0,-3.9
190401,19.4,-8.2
190402,22.1,-7.5
190403,35.5,-3.7
190404,48.5,-3.4
190405,69.9,4.7
190406,72.9,-0.9
190407,77.2,-1.3
190408,73.3,-2.6
190409,65.3,-3.0
190410,52.4,-4.8
190411,36.7,-6.3
190412,22.9,-8.0
190501,22.9,-4.7
190502,23.5,-6.1
190503,38.3,-0.9
190504,51.2,-0.7
190505,64.1,-1.1
190506,71.7,-2.1
190507,78.0,-0.5
190508,73.5,-2.4
190509,65.7,-2.6
190510,56.8,-0.4
190511,40.5,-2.5
190512,33.4,2.5
190601,33.9,6.3
190602,30.9,1.3
190603,32.0,-7.2
190604,51.0,-0.9
190605,63.6,-1.6
190606,73.0,-0.8
190607,78.0,-0.5
190608,78.9,3.0
190609,71.9,3.6
190610,57.1,-0.1
190611,39.4,-3.6
190612,26.4,-4.5
190701,24.6,-3.0
190702,22.4,-7.2
190703,38.6,-0.6
190704,47.1,-4.8
190705,58.2,-7.0
190706,72.8,-1.0
190707,77.6,-0.9
190708,74.2,-1.7
190709,65.6,-2.7
190710,51.9,-5.3
190711,40.6,-2.4
190712,34.3,3.4
190801,29.7,2.1
190802,25.9,-3.7
190803,38.8,-0.4
190804,49.8,-2.1
190805,66.4,1.2
190806,76.8,3.0
190807,81.6,3.1
190808,73.5,-2.4
190809,73.8,5.5
190810,61.5,4.3
190811,40.9,-2.1
190812,30.5,-0.4
190901,28.9,1.3
190902,31.2,1.6
190903,35.6,-3.6
190904,50.5,-1.4
190905,61.5,-3.7
190906,75.1,1.3
190907,76.0,-2.5
190908,74.9,-1.0
190909,67.4,-0.9
190910,54.9,-2.3
190911,46.2,3.2
190912,28.1,-2.8
191001,30.1,2.5
191002,29.2,-0.4
191003,45.2,6.0
191004,57.0,5.1
191005,62.8,-2.4
191006,70.0,-3.8
191007,80.1,1.6
191008,74.2,-1.7
191009,67.6,-0.7
191010,57.5,0.3
191011,38.8,-4.2
191012,25.5,-5.4
191101,29.7,2.1
191102,26.2,-3.4
191103,35.8,-3.4
191104,50.5,-1.4
191105,73.2,8.0
191106,71.1,-2.7
191107,82.9,4.4
191108,75.2,-0.7
191109,66.0,-2.3
191110,54.6,-2.6
191111,40.8,-2.2
191112,36.2,5.3
191201,18.8,-8.8
191202,26.6,-3.0
191203,35.3,-3.9
191204,51.7,-0.2
191205,64.8,-0.4
191206,72.4,-1.4
191207,79.1,0.6
191208,70.7,-5.2
191209,65.5,-2.8
191210,59.0,1.8
191211,43.7,0.7
191212,35.8,4.9
191301,36.4,8.8
191302,26.4,-3.2
191303,43.5,4.3
191304,53.6,1.7
191305,61.6,-3.6
191306,74.2,0.4
191307,79.6,1.1
191308,76.8,0.9
191309,67.7,-0.6
191310,58.6,1.4
191311,45.8,2.8
191312,34.4,3.5
191401,25.8,-1.8
191402,23.5,-6.1
191403,36.7,-2.5
191404,47.6,-4.3
191405,67.6,2.4
191406,71.8,-2.0
191407,74.9,-3.6
191408,74.4,-1.5
191409,68.8,0.5
191410,61.1,3.9
191411,41.5,-1.5
191412,29.3,-1.6
191501,30.4,2.8
191502,33.4,3.8
191503,36.3,-2.9
191504,57.2,5.3
191505,61.4,-3.8
191506,72.8,-1.0
191507,74.9,-3.6
191508,72.1,-3.8
191509,70.8,2.5
191510,57.5,0.3
191511,43.8,0.8
191512,30.2,-0.7
191601,31.4,3.8
191602,25.8,-3.8
191603,32.2,-7.0
191604,50.3,-1.6
191605,63.5,-1.7
191606,67.2,-6.6
191607,79.1,0.6
191608,77.7,1.8
191609,67.8,-0.5
191610,59.1,1.9
191611,41.0,-2.0
191612,28.3,-2.6
191701,26.7,-0.9
191702,25.3,-4.3
191703,36.9,-2.3
191704,46.2,-5.7
191705,53.9,-11.3
191706,70.7,-3.1
191707,78.8,0.3
191708,77.0,1.1
191709,66.6,-1.7
191710,52.4,-4.8
191711,38.7,-4.3
191712,20.5,-10.4
191801,18.0,-9.6
191802,26.9,-2.7
191803,39.1,-0.1
191804,53.5,1.6
191805,70.6,5.4
191806,68.8,-5.0
191807,77.7,-0.8
191808,77.2,1.3
191809,63.1,-5.2
191810,58.2,1.0
191811,42.9,-0.1
191812,31.8,0.9
191901,30.4,2.8
191902,31.2,1.6
191903,42.5,3.3
191904,51.2,-0.7
191905,65.1,-0.1
191906,77.9,4.1
191907,80.5,2.0
191908,73.2,-2.7
191909,67.4,-0.9
191910,56.3,-0.9
191911,40.9,-2.1
191912,26.6,-4.3
192001,20.2,-7.4
192002,27.3,-2.3
192003,41.3,2.1
192004,47.0,-4.9
192005,63.0,-2.2
192006,72.2,-1.6
192007,75.8,-2.7
192008,78.5,2.6
192009,69.0,0.7
192010,62.7,5.5
192011,37.9,-5.1
192012,31.3,0.4
192101,29.8,2.2
192102,31.7,2.1
192103,48.2,9.0
192104,59.1,7.2
192105,67.9,2.7
192106,75.0,1.2
192107,81.9,3.4
192108,74.5,-1.4
192109,71.9,3.6
192110,57.5,0.3
192111,37.4,-5.6
192112,28.3,-2.6
192201,25.0,-2.6
192202,29.5,-0.1
192203,40.2,1.0
192204,52.6,0.7
192205,68.5,3.3
192206,72.8,-1.0
192207,77.7,-0.8
192208,74.9,-1.0
192209,69.9,1.6
192210,56.3,-0.9
192211,41.7,-1.3
192212,28.8,-2.1
192301,23.5,-4.1
192302,22.7,-6.9
192303,34.3,-4.9
192304,50.9,-1.0
192305,64.0,-1.2
192306,74.9,1.1
192307,75.2,-3.3
192308,74.5,-1.4
192309,69.4,1.1
192310,58.5,1.3
192311,44.6,1.6
192312,37.5,6.6
192401,30.6,3.0
192402,24.8,-4.8
192403,37.7,-1.5
192404,48.9,-3.0
192405,60.0,-5.2
192406,72.6,-1.2
192407,78.8,0.3
192408,75.9,0.0
192409,66.1,-2.2
192410,58.7,1.5
192411,44.4,1.4
192412,27.7,-3.2
192501,23.8,-3.8
192502,36.5,6.9
192503,43.0,3.8
192504,53.9,2.0
192505,60.9,-4.3
192506,75.5,1.7
192507,75.0,-3.5
192508,76.0,0.1
192509,67.3,-1.0
192510,47.6,-9.6
192511,42.6,-0.4
192512,29.6,-1.3
192601,27.9,0.3
192602,25.9,-3.7
192603,32.9,-6.3
192604,44.6,-7.3
192605,62.7,-2.5
192606,69.8,-4.0
192607,77.4,-1.1
192608,73.9,-2.0
192609,67.1,-1.2
192610,54.4,-2.8
192611,42.7,-0.3
192612,26.0,-4.9
192701,28.2,0.6
192702,30.7,1.1
192703,42.6,3.4
192704,53.0,1.1
192705,59.8,-5.4
192706,70.2,-3.6
192707,77.3,-1.2
192708,71.6,-4.3
192709,68.6,0.3
192710,59.6,2.4
192711,47.9,4.9
192712,33.6,2.7
192801,29.8,2.2
192802,29.5,-0.1
192803,36.4,-2.8
192804,49.2,-2.7
192805,61.9,-3.3
192806,69.1,-4.7
192807,78.5,0.0
192808,77.2,1.3
192809,64.9,-3.4
192810,58.7,1.5
192811,43.0,0.0
192812,35.5,4.6
192901,26.4,-1.2
192902,29.8,0.2
192903,41.4,2.2
192904,50.2,-1.7
192905,66.8,1.6
192906,74.6,0.8
192907,79.0,0.5
192908,73.5,-2.4
192909,70.5,2.2
192910,55.6,-1.6
192911,42.2,-0.8
192912,29.0,-1.9
193001,29.6,2.0
193002,33.0,3.4
193003,37.7,-1.5
193004,52.0,0.1
193005,66.3,1.1
193006,78.1,4.3
193007,77.4,-1.1
193008,73.8,-2.1
193009,71.6,3.3
193010,56.6,-0.6
193011,44.1,1.1
193012,31.3,0.4
193101,27.8,0.2
193102,30.2,0.6
193103,40.1,0.9
193104,54.8,2.9
193105,66.4,1.2
193106,73.8,0.0
193107,80.3,1.8
193108,75.0,-0.9
193109,70.4,2.1
193110,60.0,2.8
193111,48.7,5.7
193112,34.0,3.1
193201,36.1,8.5
193202,29.2,-0.4
193203,34.4,-4.8
193204,50.2,-1.7
193205,68.2,3.0
193206,74.1,0.3
193207,76.0,-2.5
193208,78.2,2.3
193209,69.6,1.3
193210,57.7,0.5
193211,41.3,-1.7
193212,35.8,4.9
193301,35.9,8.3
193302,33.2,3.6
193303,34.7,-4.5
193304,49.5,-2.4
193305,68.1,2.9
193306,76.4,2.6
193307,78.0,-0.5
193308,75.2,-0.7
193309,68.0,-0.3
193310,55.1,-2.1
193311,36.9,-6.1
193312,25.3,-5.6
193401,28.4,0.8
193402,20.4,-9.2
193403,37.9,-1.3
193404,53.8,1.9
193405,68.9,3.7
193406,75.1,1.3
193407,80.0,1.5
193408,73.3,-2.6
193409,69.8,1.5
193410,52.5,-4.7
193411,44.7,1.7
193412,27.7,-3.2
193501,22.9,-4.7
193502,29.2,-0.4
193503,40.1,0.9
193504,50.1,-1.8
193505,61.7,-3.5
193506,72.4,-1.4
193507,80.3,1.8
193508,77.5,1.6
193509,65.5,-2.8
193510,58.9,1.7
193511,45.9,2.9
193512,25.7,-5.2
193601,25.3,-2.3
193602,23.1,-6.5
193603,44.6,5.4
193604,47.8,-4.1
193605,69.6,4.4
193606,74.3,0.5
193607,76.9,-1.6
193608,75.7,-0.2
193609,68.4,0.1
193610,56.6,-0.6
193611,38.9,-4.1
193612,34.1,3.2
193701,36.0,8.4
193702,33.9,4.3
193703,34.1,-5.1
193704,50.0,-1.9
193705,67.3,2.1
193706,73.3,-0.5
193707,80.0,1.5
193708,80.4,4.5
193709,68.8,0.5
193710,55.4,-1.8
193711,42.8,-0.2
193712,29.4,-1.5
193801,27.3,-0.3
193802,31.6,2.0
193803,41.3,2.1
193804,55.9,4.0
193805,63.6,-1.6
193806,76.4,2.6
193807,76.6,-1.9
193808,78.3,2.4
193809,65.3,-3.0
193810,61.5,4.3
193811,46.2,3.2
193812,32.1,1.2
193901,27.1,-0.5
193902,31.8,2.2
193903,33.7,-5.5
193904,45.5,-6.4
193905,66.0,0.8
193906,74.1,0.3
193907,79.2,0.7
193908,79.6,3.7
193909,69.5,1.2
193910,56.2,-1.0
193911,40.5,-2.5
193912,30.6,-0.3
194001,21.7,-5.9
194002,29.8,0.2
194003,34.5,-4.7
194004,46.8,-5.1
194005,64.5,-0.7
194006,72.0,-1.8
194007,78.6,0.1
194008,75.9,0.0
194009,66.6,-1.7
194010,54.0,-3.2
194011,41.4,-1.6
194012,32.0,1.1
194101,25.0,-2.6
194102,29.5,-0.1
194103,33.8,-5.4
194104,60.5,8.6
194105,68.0,2.8
194106,76.2,2.4
194107,79.4,0.9
194108,74.8,-1.1
194109,72.7,4.4
194110,55.7,-1.5
194111,46.7,3.7
194112,34.4,3.5
194201,28.2,0.6
194202,26.5,-3.1
194203,42.3,3.1
194204,55.6,3.7
194205,68.6,3.4
194206,74.4,0.6
194207,77.2,-1.3
194208,75.8,-0.1
194209,70.2,1.9
194210,59.9,2.7
194211,43.2,0.2
194212,26.9,-4.0
194301,23.4,-4.2
194302,31.3,1.7
194303,35.7,-3.5
194304,45.6,-6.3
194305,63.7,-1.5
194306,77.3,3.5
194307,79.4,0.9
194308,73.4,-2.5
194309,67.0,-1.3
194310,56.4,-0.8
194311,42.1,-0.9
194312,27.7,-3.2
194401,29.5,1.9
194402,28.9,-0.7
194403,35.6,-3.6
194404,47.7,-4.2
194405,71.8,6.6
194406,73.7,-0.1
194407,80.0,1.5
194408,81.1,5.2
194409,68.7,0.4
194410,56.4,-0.8
194411,41.9,-1.1
194412,28.9,-2.0
194501,23.1,-4.5
194502,30.2,0.6
194503,49.6,10.4
194504,59.2,7.3
194505,59.9,-5.3
194506,73.1,-0.7
194507,77.8,-0.7
194508,76.5,0.6
194509,70.7,2.4
194510,54.7,-2.5
194511,43.5,0.5
194512,26.8,-4.1
194601,27.6,0.0
194602,27.2,-2.4
194603,52.3,13.1
194604,50.2,-1.7
194605,64.1,-1.1
194606,75.1,1.3
194607,78.8,0.3
194608,72.0,-3.9
194609,72.1,3.8
194610,62.6,5.4
194611,46.4,3.4
194612,32.6,1.7
194701,30.6,3.0
194702,28.6,-1.0
194703,38.4,-0.8
194704,49.4,-2.5
194705,62.7,-2.5
194706,72.1,-1.7
194707,80.2,1.7
194708,80.2,4.3
194709,70.7,2.4
194710,67.5,10.3
194711,40.8,-2.2
194712,28.1,-2.8
194801,23.1,-4.5
194802,28.4,-1.2
194803,41.5,2.3
194804,53.8,1.9
194805,59.7,-5.5
194806,71.1,-2.7
194807,80.0,1.5
194808,78.7,2.8
194809,72.9,4.6
194810,58.1,0.9
194811,48.9,5.9
194812,34.7,3.8
194901,33.1,5.5
194902,34.8,5.2
194903,41.4,2.2
194904,55.4,3.5
194905,67.8,2.6
194906,79.4,5.6
194907,82.2,3.7
194908,79.8,3.9
194909,65.8,-2.5
194910,63.1,5.9
194911,41.5,-1.5
194912,35.0,4.1
195001,34.5,6.9
195002,26.6,-3.0
195003,35.1,-4.1
195004,49.7,-2.2
195005,66.3,1.1
195006,76.1,2.3
195007,79.6,1.1
195008,76.4,0.5
195009,64.3,-4.0
195010,59.4,2.2
195011,48.0,5.0
195012,33.2,2.3
195101,31.7,4.1
195102,34.2,4.6
195103,39.0,-0.2
195104,53.0,1.1
195105,67.1,1.9
195106,71.6,-2.2
195107,78.1,-0.4
195108,74.2,-1.7
195109,68.6,0.3
195110,58.4,1.2
195111,40.3,-2.7
195112,32.3,1.4
195201,30.9,3.3
195202,31.7,2.1
195203,37.5,-1.7
195204,54.4,2.5
195205,61.6,-3.6
195206,76.0,2.2
195207,83.7,5.2
195208,77.4,1.5
195209,70.7,2.4
195210,55.5,-1.7
195211,43.8,0.8
195212,33.7,2.8
195301,33.5,5.9
195302,33.7,4.1
195303,40.7,1.5
195304,51.7,-0.2
195305,66.9,1.7
195306,77.8,4.0
195307,80.0,1.5
195308,76.8,0.9
195309,70.6,2.3
195310,60.9,3.7
195311,49.4,6.4
195312,38.6,7.7
195401,25.1,-2.5
195402,36.3,6.7
195403,38.5,-0.7
195404,54.9,3.0
195405,60.8,-4.4
195406,72.8,-1.0
195407,76.1,-2.4
195408,73.1,-2.8
195409,64.5,-3.8
195410,60.2,3.0
195411,44.0,1.0
195412,31.6,0.7
195501,25.6,-2.0
195502,32.0,2.4
195503,36.9,-2.3
195504,54.1,2.2
195505,70.7,5.5
195506,74.1,0.3
195507,84.4,5.9
195508,79.8,3.9
195509,68.5,0.2
195510,57.0,-0.2
195511,39.3,-3.7
195512,24.3,-6.6
195601,28.9,1.3
195602,31.6,2.0
195603,33.9,-5.3
195604,47.3,-4.6
195605,61.5,-3.7
195606,75.2,1.4
195607,74.8,-3.7
195608,75.2,-0.7
195609,64.0,-4.3
195610,60.0,2.8
195611,46.5,3.5
195612,33.6,2.7
195701,23.2,-4.4
195702,35.0,5.4
195703,40.6,1.4
195704,55.7,3.8
195705,66.3,1.1
195706,77.7,3.9
195707,77.4,-1.1
195708,74.6,-1.3
195709,71.3,3.0
195710,58.0,0.8
195711,46.4,3.4
195712,37.4,6.5
195801,29.4,1.8
195802,25.4,-4.2
195803,40.4,1.2
195804,53.8,1.9
195805,61.7,-3.5
195806,68.8,-5.0
195807,76.6,-1.9
195808,76.9,1.0
195809,67.8,-0.5
195810,55.1,-2.1
195811,44.1,1.1
195812,24.1,-6.8
195901,27.1,-0.5
195902,27.5,-2.1
195903,38.2,-1.0
195904,53.9,2.0
195905,70.5,5.3
195906,70.8,-3.0
195907,81.4,2.9
195908,78.8,2.9
195909,71.7,3.4
195910,55.5,-1.7
195911,43.3,0.3
195912,33.1,2.2
196001,28.8,1.2
196002,34.1,4.5
196003,33.1,-6.1
196004,52.6,0.7
196005,68.5,3.3
196006,74.4,0.6
196007,77.0,-1.5
196008,77.0,1.1
196009,69.0,0.7
196010,55.8,-1.4
196011,46.5,3.5
196012,29.1,-1.8
196101,23.4,-4.2
196102,33.5,3.9
196103,39.6,0.4
196104,48.3,-3.6
196105,62.6,-2.6
196106,74.4,0.6
196107,77.0,-1.5
196108,76.2,0.3
196109,76.1,7.8
196110,60.8,3.6
196111,43.8,0.8
196112,30.6,-0.3
196201,27.8,0.2
196202,26.3,-3.3
196203,41.2,2.0
196204,53.5,1.6
196205,63.7,-1.5
196206,75.4,1.6
196207,75.1,-3.4
196208,74.9,-1.0
196209,65.6,-2.7
196210,55.0,-2.2
196211,41.0,-2.0
196212,30.2,-0.7
196301,27.4,-0.2
196302,25.9,-3.7
196303,40.1,0.9
196304,51.8,-0.1
196305,66.1,0.9
196306,76.5,2.7
196307,80.7,2.2
196308,73.0,-2.9
196309,66.8,-1.5
196310,66.3,9.1
196311,46.3,3.3
196312,23.2,-7.7
196401,30.4,2.8
196402,30.2,0.6
196403,40.2,1.0
196404,50.7,-1.2
196405,70.0,4.8
196406,74.9,1.1
196407,79.1,0.6
196408,71.7,-4.2
196409,66.8,-1.5
196410,57.0,-0.2
196411,44.2,1.2
196412,30.4,-0.5
196501,25.1,-2.5
196502,28.7,-0.9
196503,36.8,-2.4
196504,49.7,-2.2
196505,70.0,4.8
196506,74.5,0.7
196507,76.8,-1.7
196508,76.4,0.5
196509,68.5,0.2
196510,55.4,-1.8
196511,40.0,-3.0
196512,32.6,1.7
196601,27.5,-0.1
196602,31.2,1.6
196603,40.6,1.4
196604,49.5,-2.4
196605,62.4,-2.8
196606,75.2,1.4
196607,79.9,1.4
196608,76.7,0.8
196609,65.6,-2.7
196610,57.1,-0.1
196611,47.2,4.2
196612,32.0,1.1
196701,32.2,4.6
196702,26.8,-2.8
196703,35.8,-3.4
196704,49.7,-2.2
196705,57.2,-8.0
196706,77.2,3.4
196707,78.4,-0.1
196708,76.3,0.4
196709,69.4,1.1
196710,57.7,0.5
196711,38.5,-4.5
196712,32.7,1.8
196801,23.4,-4.2
196802,25.6,-4.0
196803,41.9,2.7
196804,58.0,6.1
196805,63.2,-2.0
196806,69.6,-4.2
196807,80.3,1.8
196808,74.6,-1.3
196809,71.3,3.0
196810,59.6,2.4
196811,39.1,-3.9
196812,27.4,-3.5
196901,28.3,0.7
196902,30.8,1.2
196903,36.1,-3.1
196904,53.8,1.9
196905,64.1,-1.1
196906,74.7,0.9
196907,75.7,-2.8
196908,78.1,2.2
196909,68.2,-0.1
196910,56.8,-0.4
196911,44.0,1.0
196912,29.7,-1.2
197001,20.5,-7.1
197002,31.7,2.1
197003,37.7,-1.5
197004,52.7,0.8
197005,67.3,2.1
197006,74.3,0.5
197007,80.1,1.6
197008,78.5,2.6
197009,67.8,-0.5
197010,58.9,1.7
197011,44.7,1.7
197012,25.8,-5.1
197101,22.7,-4.9
197102,30.5,0.9
197103,37.0,-2.2
197104,49.1,-2.8
197105,64.2,-1.0
197106,76.9,3.1
197107,79.4,0.9
197108,76.6,0.7
197109,70.5,2.2
197110,63.4,6.2
197111,40.2,-2.8
197112,32.8,1.9
197201,30.5,2.9
197202,28.4,-1.2
197203,35.7,-3.5
197204,46.6,-5.3
197205,66.4,1.2
197206,70.6,-3.2
197207,78.1,-0.4
197208,74.3,-1.6
197209,68.6,0.3
197210,52.6,-4.6
197211,38.6,-4.4
197212,30.6,-0.3
197301,31.0,3.4
197302,29.4,-0.2
197303,44.8,5.6
197304,53.8,1.9
197305,61.4,-3.8
197306,74.4,0.6
197307,79.7,1.2
197308,79.8,3.9
197309,67.2,-1.1
197310,58.4,1.2
197311,42.1,-0.9
197312,35.8,4.9
197401,30.0,2.4
197402,29.2,-0.4
197403,38.5,-0.7
197404,55.1,3.2
197405,59.8,-5.4
197406,74.0,0.2
197407,77.7,-0.8
197408,78.0,2.1
197409,66.3,-2.0
197410,52.2,-5.0
197411,44.4,1.4
197412,34.1,3.2
197501,31.4,3.8
197502,30.4,0.8
197503,37.5,-1.7
197504,46.8,-5.1
197505,71.8,6.6
197506,73.4,-0.4
197507,80.9,2.4
197508,76.2,0.3
197509,64.8,-3.5
197510,58.6,1.4
197511,49.4,6.4
197512,30.5,-0.4
197601,23.7,-3.9
197602,36.0,6.4
197603,41.6,2.4
197604,56.8,4.9
197605,64.4,-0.8
197606,78.5,4.7
197607,76.1,-2.4
197608,75.1,-0.8
197609,66.9,-1.4
197610,52.8,-4.4
197611,38.6,-4.4
197612,26.3,-4.6
197701,21.6,-6.0
197702,29.3,-0.3
197703,45.4,6.2
197704,54.4,2.5
197705,70.6,5.4
197706,70.8,-3.0
197707,78.3,-0.2
197708,75.9,0.0
197709,65.4,-2.9
197710,55.7,-1.5
197711,45.4,2.4
197712,28.8,-2.1
197801,25.8,-1.8
197802,25.6,-4.0
197803,36.7,-2.5
197804,48.3,-3.6
197805,67.5,2.3
197806,73.9,0.1
197807,79.2,0.7
197808,76.4,0.5
197809,66.7,-1.6
197810,55.5,-1.7
197811,44.5,1.5
197812,31.8,0.9
197901,27.7,0.1
197902,21.5,-8.1
197903,43.7,4.5
197904,51.0,-0.9
197905,65.5,0.3
197906,74.9,1.1
197907,80.0,1.5
197908,73.7,-2.2
197909,68.8,0.5
197910,54.3,-2.9
197911,48.6,5.6
197912,34.9,4.0
198001,29.2,1.6
198002,27.7,-1.9
198003,38.9,-0.3
198004,52.8,0.9
198005,66.6,1.4
198006,71.5,-2.3
198007,79.1,0.6
198008,77.6,1.7
198009,68.6,0.3
198010,52.8,-4.4
198011,39.6,-3.4
198012,27.9,-3.0
198101,21.5,-6.1
198102,38.8,9.2
198103,40.9,1.7
198104,55.5,3.6
198105,68.2,3.0
198106,74.8,1.0
198107,78.2,-0.3
198108,75.3,-0.6
198109,65.5,-2.8
198110,53.1,-4.1
198111,43.7,0.7
198112,30.8,-0.1
198201,20.4,-7.2
198202,29.7,0.1
198203,38.8,-0.4
198204,50.2,-1.7
198205,68.1,2.9
198206,68.8,-5.0
198207,79.6,1.1
198208,73.7,-2.2
198209,68.5,0.2
198210,58.0,0.8
198211,47.1,4.1
198212,38.5,7.6
198301,29.6,2.0
198302,34.1,4.5
198303,40.6,1.4
198304,51.5,-0.4
198305,61.4,-3.8
198306,77.0,3.2
198307,81.0,2.5
198308,78.2,2.3
198309,73.2,4.9
198310,56.4,-0.8
198311,43.8,0.8
198312,29.8,-1.1
198401,25.6,-2.0
198402,37.9,8.3
198403,34.0,-5.2
198404,53.0,1.1
198405,63.2,-2.0
198406,75.7,1.9
198407,77.8,-0.7
198408,78.7,2.8
198409,67.6,-0.7
198410,59.6,2.4
198411,45.0,2.0
198412,36.8,5.9
198501,22.4,-5.2
198502,32.6,3.0
198503,43.0,3.8
198504,53.2,1.3
198505,66.9,1.7
198506,69.7,-4.1
198507,79.9,1.4
198508,75.3,-0.6
198509,69.3,1.0
198510,58.0,0.8
198511,43.5,0.5
198512,28.1,-2.8
198601,30.6,3.0
198602,28.2,-1.4
198603,42.8,3.6
198604,57.5,5.6
198605,67.4,2.2
198606,71.5,-2.3
198607,75.1,-3.4
198608,73.6,-2.3
198609,65.2,-3.1
198610,56.1,-1.1
198611,40.8,-2.2
198612,33.0,2.1
198701,27.5,-0.1
198702,29.1,-0.5
198703,42.9,3.7
198704,55.7,3.8
198705,66.6,1.4
198706,73.3,-0.5
198707,79.1,0.6
198708,74.7,-1.2
198709,66.2,-2.1
198710,55.8,-1.4
198711,43.8,0.8
198712,33.8,2.9
198801,27.9,0.3
198802,32.1,2.5
198803,40.6,1.4
198804,51.1,-0.8
198805,66.6,1.4
198806,74.3,0.5
198807,80.6,2.1
198808,78.7,2.8
198809,67.2,-1.1
198810,51.6,-5.6
198811,44.8,1.8
198812,30.4,-0.5
198901,32.5,4.9
198902,29.7,0.1
198903,39.4,0.2
198904,49.2,-2.7
198905,67.8,2.6
198906,73.2,-0.6
198907,78.7,0.2
198908,75.2,-0.7
198909,69.1,0.8
198910,58.1,0.9
198911,42.2,-0.8
198912,18.6,-12.3
199001,35.0,7.4
199002,34.5,4.9
199003,43.7,4.5
199004,53.4,1.5
199005,61.9,-3.3
199006,74.3,0.5
199007,78.8,0.3
199008,77.6,1.7
199009,67.6,-0.7
199010,59.6,2.4
199011,46.2,3.2
199012,37.6,6.7
199101,27.9,0.3
199102,35.6,6.0
199103,41.8,2.6
199104,57.7,5.8
199105,70.8,5.6
199106,75.6,1.8
199107,78.5,0.0
199108,77.7,1.8
199109,66.7,-1.6
199110,59.6,2.4
199111,44.2,1.2
199112,32.7,1.8
199201,28.7,1.1
199202,31.3,1.7
199203,36.7,-2.5
199204,49.6,-2.3
199205,66.9,1.7
199206,73.5,-0.3
199207,74.2,-4.3
199208,73.8,-2.1
199209,68.5,0.2
199210,52.6,-4.6
199211,40.9,-2.1
199212,33.0,2.1
199301,30.0,2.4
199302,24.6,-5.0
199303,38.9,-0.3
199304,54.5,2.6
199305,67.1,1.9
199306,74.0,0.2
199307,79.4,0.9
199308,78.1,2.2
199309,66.6,-1.7
199310,54.0,-3.2
199311,44.8,1.8
199312,33.0,2.1
199401,20.7,-6.9
199402,26.7,-2.9
199403,38.5,-0.7
199404,53.6,1.7
199405,63.7,-1.5
199406,77.0,3.2
199407,80.9,2.4
199408,75.1,-0.8
199409,65.3,-3.0
199410,58.6,1.4
199411,48.7,5.7
199412,37.0,6.1
199501,32.6,5.0
199502,28.8,-0.8
199503,42.4,3.2
199504,49.3,-2.6
199505,63.6,-1.6
199506,77.3,3.5
199507,81.0,2.5
199508,78.2,2.3
199509,66.8,-1.5
199510,61.4,4.2
199511,39.9,-3.1
199512,27.4,-3.5
199601,28.2,0.6
199602,29.3,-0.3
199603,38.4,-0.8
199604,51.3,-0.6
199605,63.1,-2.1
199606,74.1,0.3
199607,76.2,-2.3
199608,77.5,1.6
199609,68.3,0.0
199610,55.6,-1.6
199611,40.2,-2.8
199612,36.1,5.2
199701,27.4,-0.2
199702,35.5,5.9
199703,36.8,-2.4
199704,50.2,-1.7
199705,59.4,-5.8
199706,76.0,2.2
199707,78.0,-0.5
199708,75.4,-0.5
199709,67.2,-1.1
199710,55.7,-1.5
199711,41.1,-1.9
199712,33.8,2.9
199801,31.4,3.8
199802,38.0,8.4
199803,43.1,3.9
199804,56.3,4.4
199805,70.6,5.4
199806,70.8,-3.0
199807,78.5,0.0
199808,78.3,2.4
199809,70.7,2.4
199810,56.9,-0.3
199811,43.3,0.3
199812,40.2,9.3
199901,29.7,2.1
199902,35.4,5.8
199903,40.8,1.6
199904,54.5,2.6
199905,68.8,3.6
199906,79.4,5.6
199907,81.3,2.8
199908,76.2,0.3
199909,72.6,4.3
199910,55.6,-1.6
199911,49.8,6.8
199912,35.2,4.3
200001,26.9,-0.7
200002,33.6,4.0
200003,46.7,7.5
200004,50.9,-1.0
200005,64.5,-0.7
200006,72.9,-0.9
200007,74.8,-3.7
200008,74.4,-1.5
200009,68.0,-0.3
200010,57.6,0.4
200011,43.4,0.4
200012,28.6,-2.3
200101,29.2,1.6
200102,31.7,2.1
200103,36.1,-3.1
200104,53.5,1.6
200105,69.1,3.9
200106,76.5,2.7
200107,76.5,-2.0
200108,81.5,5.6
200109,71.1,2.8
200110,60.6,3.4
200111,48.4,5.4
200112,39.2,8.3
200201,34.9,7.3
200202,36.2,6.6
200203,40.4,1.2
200204,55.4,3.5
200205,62.6,-2.6
200206,72.4,-1.4
200207,79.5,1.0
200208,81.3,5.4
200209,73.5,5.2
200210,53.3,-3.9
200211,41.1,-1.9
200212,31.9,1.0
200301,21.6,-6.0
200302,26.8,-2.8
200303,41.0,1.8
200304,50.1,-1.8
200305,62.8,-2.4
200306,73.9,0.1
200307,79.0,0.5
200308,78.1,2.2
200309,69.7,1.4
200310,55.4,-1.8
200311,46.4,3.4
200312,33.6,2.7
200401,18.9,-8.7
200402,32.1,2.5
200403,42.1,2.9
200404,53.8,1.9
200405,67.2,2.0
200406,72.5,-1.3
200407,75.9,-2.6
200408,76.2,0.3
200409,70.4,2.1
200410,56.8,-0.4
200411,45.3,2.3
200412,32.1,1.2
200501,26.0,-1.6
200502,34.2,4.6
200503,37.4,-1.8
200504,56.8,4.9
200505,58.8,-6.4
200506,77.6,3.8
200507,80.2,1.7
200508,78.8,2.9
200509,72.9,4.6
200510,56.3,-0.9
200511,46.3,3.3
200512,31.4,0.5
200601,35.7,8.1
200602,31.6,2.0
200603,40.0,0.8
200604,57.0,5.1
200605,63.8,-1.4
200606,73.3,-0.5
200607,81.2,2.7
200608,74.9,-1.0
200609,67.7,-0.6
200610,55.6,-1.6
200611,49.6,6.6
200612,39.7,8.8
200701,30.6,3.0
200702,24.8,-4.8
200703,39.8,0.6
200704,48.9,-3.0
200705,67.9,2.7
200706,74.2,0.4
200707,76.6,-1.9
200708,78.2,2.3
200709,71.8,3.5
200710,61.9,4.7
200711,42.0,-1.0
200712,29.9,-1.0
200801,32.0,4.4
200802,31.8,2.2
200803,37.8,-1.4
200804,57.2,5.3
200805,64.6,-0.6
200806,74.6,0.8
200807,79.2,0.7
200808,74.4,-1.5
200809,69.2,0.9
200810,56.2,-1.0
200811,43.5,0.5
200812,34.0,3.1
200901,23.2,-4.4
200902,33.0,3.4
200903,41.4,2.2
200904,56.6,4.7
200905,65.4,0.2
200906,69.7,-4.1
200907,73.8,-4.7
200908,78.0,2.1
200909,68.1,-0.2
200910,52.2,-5.0
200911,49.7,6.7
200912,31.4,0.5
201001,29.4,1.8
201002,31.9,2.3
201003,47.0,7.8
201004,59.0,7.1
201005,70.3,5.1
201006,74.2,0.4
201007,82.1,3.6
201008,77.6,1.7
201009,70.9,2.6
201010,56.1,-1.1
201011,44.6,1.6
201012,30.6,-0.3
201101,26.7,-0.9
201102,30.5,0.9
201103,39.2,0.0
201104,52.7,0.8
201105,66.2,1.0
201106,73.4,-0.4
201107,81.3,2.8
201108,77.0,1.1
201109,70.9,2.6
201110,57.2,0.0
201111,50.9,7.9
201112,38.6,7.7
201201,31.4,3.8
201202,36.7,7.1
201203,50.3,11.1
201204,56.6,4.7
201205,68.0,2.8
201206,73.4,-0.4
201207,81.4,2.9
201208,80.4,4.5
201209,69.3,1.0
201210,58.9,1.7
201211,43.5,0.5
201212,36.0,5.1
201301,30.3,2.7
201302,31.3,1.7
201303,39.8,0.6
201304,54.1,2.2
201305,68.3,3.1
201306,74.5,0.7
201307,81.0,2.5
201308,76.5,0.6
201309,69.2,0.9
201310,59.3,2.1
201311,42.8,-0.2
201312,30.4,-0.5
201401,26.2,-1.4
201402,28.7,-0.9
201403,33.6,-5.6
201404,53.8,1.9
201405,65.5,0.3
201406,75.0,1.2
201407,79.1,0.6
201408,75.2,-0.7
201409,70.0,1.7
201410,58.5,1.3
201411,42.1,-0.9
201412,35.3,4.4
201501,25.7,-1.9
201502,20.2,-9.4
201503,35.5,-3.7
201504,52.0,0.1
201505,73.5,8.3
201506,70.8,-3.0
201507,78.5,0.0
201508,78.9,3.0
201509,75.5,7.2
201510,56.5,-0.7
201511,50.2,7.2
201512,42.4,11.5
201601,31.4,3.8
201602,36.2,6.6
201603,45.6,6.4
201604,53.1,1.2
201605,66.9,1.7
201606,75.5,1.7
201607,80.8,2.3
201608,80.2,4.3
201609,72.9,4.6
201610,58.0,0.8
201611,46.9,3.9
201612,33.5,2.6
201701,33.9,6.3
201702,36.6,7.0
201703,35.1,-4.1
201704,56.9,5.0
201705,62.5,-2.7
201706,74.3,0.5
201707,77.6,-0.9
201708,76.0,0.1
201709,73.4,5.1
201710,65.4,8.2
201711,43.8,0.8
201712,27.7,-3.2
201801,27.8,0.2
201802,37.2,7.6
201803,39.2,0.0
201804,48.0,-3.9
201805,71.3,6.1
201806,73.9,0.1
201807,82.1,3.6
201808,79.3,3.4
201809,71.1,2.8
201810,52.9,-4.3
201811,38.0,-5.0
201812,33.7,2.8
201901,27.7,0.1
201902,30.9,1.3
201903,38.9,-0.3
201904,52.8,0.9
201905,61.4,-3.8
201906,73.7,-0.1
201907,82.3,3.8
201908,78.1,2.2
201909,69.6,1.3
201910,57.4,0.2
201911,39.8,-3.2
201912,33.2,2.3
202001,33.9,6.3
202002,34.1,4.5
202003,44.3,5.1
202004,49.6,-2.3
202005,66.0,0.8
202006,76.8,3.0
202007,81.9,3.4
202008,78.3,2.4
202009,71.4,3.1
202010,56.9,-0.3
202011,49.0,6.0
202012,36.0,5.1
202101,30.2,2.6
202102,29.7,0.1
202103,44.8,5.6
202104,55.6,3.7
202105,66.9,1.7
202106,78.4,4.6
202107,74.6,-3.9
202108,79.0,3.1
202109,71.0,2.7
202110,60.9,3.7
202111,45.6,2.6
202112,36.9,6.0
202201,25.8,-1.8
